timestamp,symbol,current_price,call_gex,put_gex,total_gex,expiration_date
2024-11-12 10:20:59.503145,SPY,597.459716796875,6123610.090088544,-9491089.11562618,-3367479.025537636,2024-11-12
2024-11-12 10:21:00.916830,QQQ,513.2000122070312,3852302.948374716,-6606568.087787028,-2754265.1394123123,2024-11-12
2024-11-12 10:23:03.323752,SPY,597.22998046875,5687567.968683049,10468374.995208554,16155942.963891605,2024-11-12
2024-11-12 10:23:04.603437,QQQ,513.0556030273438,3683519.364081811,6911642.819884409,10595162.18396622,2024-11-12
2024-11-12 10:25:20.630096,SPY,597.030029296875,5412945.523638988,10658322.118254904,16071267.641893892,2024-11-12
2024-11-12 10:25:21.708251,QQQ,512.6099853515625,3478747.41002209,6088991.759520436,9567739.169542523,2024-11-12
2024-11-12 10:29:32.143305,SPY,597.1649780273438,6145404.440463014,10737081.509092445,16882485.949555457,2024-11-12
2024-11-12 10:29:34.051726,QQQ,512.8699951171875,4492048.186265743,6179182.394586884,10671230.580852628,2024-11-12
2024-11-12 10:34:36.535527,SPY,597.155029296875,6366120.903095672,10943011.445521995,17309132.348617665,2024-11-12
2024-11-12 10:34:40.520051,QQQ,512.85400390625,4422964.471688345,6956351.412560405,11379315.88424875,2024-11-12
2024-11-12 10:39:42.851485,SPY,596.4400024414062,4986495.613966954,10140299.296031369,15126794.909998324,2024-11-12
2024-11-12 10:39:44.870148,QQQ,512.3198852539062,3888946.2958578495,7023029.84368892,10911976.13954677,2024-11-12
2024-11-12 10:44:46.793708,SPY,596.5599975585938,5366141.9516418,9667748.24610579,15033890.19774759,2024-11-12
2024-11-12 10:44:48.333474,QQQ,512.27001953125,4170092.638523931,7104862.49827683,11274955.13680076,2024-11-12
2024-11-12 10:49:50.864220,SPY,596.3599853515625,5053817.065345828,4873093.829152292,9926910.89449812,2024-11-12
2024-11-12 10:49:52.730259,QQQ,512.0599975585938,3997465.196153882,5887249.235561414,9884714.431715297,2024-11-12
2024-11-12 10:54:54.812621,SPY,597.1170043945312,7682209.018442902,12047236.74919054,19729445.76763344,2024-11-12
2024-11-12 10:54:57.036394,QQQ,513.0499877929688,6930588.657545372,6381200.247262753,13311788.904808125,2024-11-12
2024-11-12 10:59:59.326364,SPY,596.4400024414062,5749460.1506307535,11849660.678849095,17599120.82947985,2024-11-12
2024-11-12 11:00:01.339544,QQQ,512.2449951171875,4948983.186285262,8711367.27543422,13660350.461719483,2024-11-12
2024-11-12 11:05:04.328748,SPY,596.6799926757812,6543646.331023291,9617014.599305982,16160660.930329273,2024-11-12
2024-11-12 11:05:06.277216,QQQ,512.5399780273438,5866375.808067036,8503839.3998506,14370215.207917634,2024-11-12
2024-11-12 11:10:08.527339,SPY,596.5493774414062,6955991.24887404,12401849.073633716,19357840.32250776,2024-11-12
2024-11-12 11:10:10.558778,QQQ,512.228271484375,5735319.661576573,8200139.142502302,13935458.804078875,2024-11-12
2024-11-12 11:15:13.681599,SPY,596.4600219726562,6945068.060938354,13274352.18810119,20219420.249039546,2024-11-12
2024-11-12 11:15:15.432333,QQQ,512.1599731445312,5843834.212900417,8785171.722155862,14629005.935056278,2024-11-12
2024-11-12 11:20:17.613970,SPY,596.2501220703125,6699297.312252728,13313557.651386706,20012854.963639434,2024-11-12
2024-11-12 11:20:19.286492,QQQ,511.989990234375,5795124.631011396,9014534.021770114,14809658.652781509,2024-11-12
2024-11-12 11:25:21.854325,SPY,596.2576293945312,6948798.0140729975,14656729.862090869,21605527.876163863,2024-11-12
2024-11-12 11:25:24.318582,QQQ,512.010009765625,5323672.211945704,7694755.070628286,13018427.28257399,2024-11-12
2024-11-12 11:29:01.410289,SPY,596.3800048828125,8074001.4380338,14705277.523210255,22779278.96124405,2024-11-12
2024-11-12 11:29:05.336366,QQQ,512.228515625,6795877.3605921725,9838706.662358986,16634584.02295116,2024-11-12
2024-11-12 11:33:25.005059,SPY,596.4099731445312,8583696.006502865,15355616.59480894,23939312.601311803,2024-11-12
2024-11-12 11:33:27.852857,QQQ,512.4000244140625,7780540.017584092,8927233.417517452,16707773.435101544,2024-11-12
2024-11-12 11:35:51.091686,SPY,596.5399780273438,8997947.611055544,16847161.849361714,25845109.460417256,2024-11-12
2024-11-12 11:35:53.619772,QQQ,512.4500122070312,7537185.857118765,10082109.598925965,17619295.456044726,2024-11-12
2024-11-12 11:40:57.002515,SPY,596.3599853515625,8497707.129044907,15972301.867906738,24470008.996951647,2024-11-12
2024-11-12 11:40:59.421225,QQQ,512.25,7379303.514953995,10091172.988781236,17470476.50373523,2024-11-12
2024-11-12 11:46:01.569644,SPY,595.9901733398438,7475634.721779821,14741276.976830652,22216911.69861048,2024-11-12
2024-11-12 11:46:03.856489,QQQ,511.6600036621094,5922043.026658937,10482560.250838134,16404603.277497072,2024-11-12
2024-11-12 11:51:06.718997,SPY,595.89990234375,7426407.818718529,13917825.391601432,21344233.21031996,2024-11-12
2024-11-12 11:51:09.211065,QQQ,511.60400390625,5935726.236115223,10356629.961529482,16292356.197644703,2024-11-12
2024-11-12 11:56:11.587053,SPY,595.6898193359375,6911033.894841203,10585749.593294011,17496783.488135215,2024-11-12
2024-11-12 11:56:13.899069,QQQ,511.2300109863281,5347948.441455705,11089889.306313392,16437837.747769097,2024-11-12
2024-11-12 12:01:16.092349,SPY,594.6699829101562,5046281.970717405,4277042.114434077,9323324.085151482,2024-11-12
2024-11-12 12:01:18.387310,QQQ,510.1098937988281,3803602.448637285,8582920.614049954,12386523.06268724,2024-11-12
2024-11-12 12:06:21.375670,SPY,594.8099975585938,5330076.271328104,15792962.21166266,21123038.482990764,2024-11-12
2024-11-12 12:06:23.424739,QQQ,510.2900085449219,4039978.288744276,7348402.405409506,11388380.694153782,2024-11-12
2024-11-12 12:11:25.481432,SPY,595.0800170898438,6018258.707126983,8941829.908634743,14960088.615761727,2024-11-12
2024-11-12 12:11:27.687294,QQQ,510.6724853515625,4679715.200241578,4711474.692823386,9391189.893064965,2024-11-12
2024-11-12 12:16:29.923956,SPY,595.5349731445312,7443166.996823325,12417677.702389374,19860844.6992127,2024-11-12
2024-11-12 12:16:32.141408,QQQ,511.3200073242188,6304280.752405583,10374691.278022252,16678972.030427836,2024-11-12
2024-11-12 12:21:34.295789,SPY,595.718994140625,8406501.459191715,15670029.724724866,24076531.183916584,2024-11-12
2024-11-12 12:21:36.820038,QQQ,511.489990234375,7151102.014739307,11926331.066199224,19077433.08093853,2024-11-12
2024-11-12 12:26:40.003848,SPY,595.5999755859375,8580070.945405405,14456120.388321515,23036191.33372692,2024-11-12
2024-11-12 12:26:42.605201,QQQ,511.239990234375,7047647.612825257,11132518.041113935,18180165.65393919,2024-11-12
2024-11-12 12:31:46.520963,SPY,596.0399780273438,12635224.22190708,10949941.356903344,23585165.578810424,2024-11-12
2024-11-12 12:31:49.259249,QQQ,511.7550048828125,10183289.026179995,6673484.965701055,16856773.99188105,2024-11-12
2024-11-12 12:36:51.611109,SPY,596.625,16648277.190669809,10229641.158224083,26877918.348893896,2024-11-12
2024-11-12 12:36:54.998930,QQQ,512.3400268554688,10281513.300400082,6562970.896472644,16844484.196872726,2024-11-12
2024-11-12 12:41:57.853462,SPY,596.4600219726562,13821387.627223607,11779751.120864792,25601138.7480884,2024-11-12
2024-11-12 12:42:00.040598,QQQ,512.0700073242188,14344628.535011403,8030443.924913648,22375072.45992505,2024-11-12
2024-11-12 12:47:02.656836,SPY,596.760009765625,18815417.17541344,12447735.882397449,31263153.057810888,2024-11-12
2024-11-12 12:47:05.185878,QQQ,512.4000244140625,10913694.111045906,8847085.768866729,19760779.87991264,2024-11-12
2024-11-12 12:52:07.441600,SPY,596.9949951171875,24018974.6518686,12954634.072410597,36973608.72427919,2024-11-12
2024-11-12 12:52:09.741913,QQQ,512.5001220703125,16406900.821660426,9459050.16658738,25865950.988247804,2024-11-12
2024-11-12 12:57:11.943267,SPY,597.5399780273438,18556041.33374489,10819520.978622958,29375562.31236785,2024-11-12
2024-11-12 12:57:14.171350,QQQ,513.0700073242188,38214954.803697854,7485884.929779279,45700839.73347713,2024-11-12
2024-11-12 13:02:16.548274,SPY,597.5900268554688,19669825.14751996,12333891.70246141,32003716.849981364,2024-11-12
2024-11-12 13:02:19.222586,QQQ,512.864990234375,17506071.8124421,9332030.88498938,26838102.69743148,2024-11-12
2024-11-12 13:07:22.566519,SPY,597.8499755859375,26354840.55723841,13153055.454241714,39507896.01148013,2024-11-12
2024-11-12 13:07:24.950922,QQQ,513.1483154296875,19509260.89172364,10073094.630775403,29582355.52249904,2024-11-12
2024-11-12 13:12:27.781000,SPY,597.5399780273438,18522120.073176064,14721688.35519776,33243808.428373825,2024-11-12
2024-11-12 13:12:30.237640,QQQ,512.8900146484375,16494585.575704085,10810433.8837845,27305019.459488586,2024-11-12
2024-11-12 13:17:32.671432,SPY,597.780029296875,23708347.3349318,15585589.807823522,39293937.14275532,2024-11-12
2024-11-12 13:17:34.873704,QQQ,513.010009765625,16115428.39061203,11666085.363825584,27781513.75443761,2024-11-12
2024-11-12 13:22:37.205130,SPY,597.780029296875,22583874.36524101,16443058.631843984,39026932.99708499,2024-11-12
2024-11-12 13:22:39.839071,QQQ,513.02001953125,17139727.139013056,12173334.867000047,29313062.006013103,2024-11-12
2024-11-12 13:27:42.060487,SPY,597.9998779296875,22499551.771806054,18227793.69973636,40727345.4715424,2024-11-12
2024-11-12 13:27:44.494622,QQQ,513.010009765625,17123296.475534726,14924864.11787364,32048160.59340837,2024-11-12
2024-11-12 13:32:46.810470,SPY,598.02001953125,24342533.183612216,19471228.11151554,43813761.29512776,2024-11-12
2024-11-12 13:32:49.120989,QQQ,513.1900024414062,17997329.531351745,13392698.453957198,31390027.985308945,2024-11-12
2024-11-12 13:37:51.403688,SPY,598.2650146484375,28255321.873546984,18965993.51037896,47221315.383925945,2024-11-12
2024-11-12 13:37:53.744857,QQQ,513.4500122070312,19597205.61655787,12362334.995355606,31959540.61191348,2024-11-12
2024-11-12 13:42:56.873176,SPY,598.3150024414062,32312274.34448197,17274682.861695495,49586957.20617747,2024-11-12
2024-11-12 13:42:59.001665,QQQ,513.4299926757812,22993977.69681807,12168310.18248384,35162287.879301906,2024-11-12
2024-11-12 13:48:01.182034,SPY,598.1500244140625,31197361.8953948,21061936.51200925,52259298.40740405,2024-11-12
2024-11-12 13:48:03.715599,QQQ,513.2999877929688,19338811.10205587,14115559.075217376,33454370.177273247,2024-11-12
2024-11-12 13:53:06.140635,SPY,598.0399780273438,26822684.56993728,23172059.830033075,49994744.39997035,2024-11-12
2024-11-12 13:53:08.227480,QQQ,513.2501220703125,21602713.79109834,15422704.3559365,37025418.14703484,2024-11-12
2024-11-12 13:58:11.050143,SPY,597.9401245117188,32664931.747375004,26847386.80455804,59512318.55193305,2024-11-12
2024-11-12 13:58:13.283710,QQQ,512.9598999023438,18802115.624044307,17968587.17913556,36770702.80317987,2024-11-12
2024-11-12 14:03:16.053079,SPY,597.9199829101562,33188446.32261707,29042491.714662872,62230938.03727994,2024-11-12
2024-11-12 14:03:18.357919,QQQ,513.0100708007812,18315226.38314897,18971481.815661177,37286708.19881015,2024-11-12
2024-11-12 14:08:20.741713,SPY,597.9099731445312,29857967.78683605,33213380.04365881,63071347.83049487,2024-11-12
2024-11-12 14:08:23.419741,QQQ,512.9199829101562,15112567.880245646,21312762.400931623,36425330.28117727,2024-11-12
2024-11-12 14:13:27.842530,SPY,597.8800048828125,28104120.978039373,36380322.74451575,64484443.72255512,2024-11-12
2024-11-12 14:13:30.259242,QQQ,512.9871826171875,15842693.51059745,20404133.38861433,36246826.89921179,2024-11-12
2024-11-12 14:18:33.251281,SPY,597.3699951171875,23199133.015709102,28560446.86634011,51759579.88204922,2024-11-12
2024-11-12 14:18:35.601000,QQQ,512.788818359375,15284381.93753516,25976307.304186106,41260689.24172127,2024-11-12
2024-11-12 14:23:38.277742,SPY,597.5,26672648.552141435,24162655.630007133,50835304.18214857,2024-11-12
2024-11-12 14:23:40.688907,QQQ,512.8800048828125,18286699.45983306,19449815.52479314,37736514.98462621,2024-11-12
2024-11-12 14:28:43.476041,SPY,597.2849731445312,24214363.70564036,32089174.74048625,56303538.44612661,2024-11-12
2024-11-12 14:28:45.960701,QQQ,512.8599853515625,20271428.537082687,21250988.7264368,41522417.26351948,2024-11-12
2024-11-12 14:33:49.224567,SPY,597.219970703125,24204317.33669716,37037709.96556418,61242027.30226135,2024-11-12
2024-11-12 14:33:51.823536,QQQ,512.8402099609375,19217867.704645827,21332297.07359472,40550164.77824055,2024-11-12
2024-11-12 14:38:54.258740,SPY,597.4000244140625,26815152.236789063,28416672.85882537,55231825.09561443,2024-11-12
2024-11-12 14:38:57.027966,QQQ,513.1300048828125,21792803.382649165,18921161.11323108,40713964.49588024,2024-11-12
2024-11-12 14:43:59.270505,SPY,597.3399047851562,26666812.915558897,31227321.647157315,57894134.562716216,2024-11-12
2024-11-12 14:44:01.732335,QQQ,513.27001953125,27358755.4471362,17540332.36106062,44899087.80819681,2024-11-12
2024-11-12 14:49:04.106377,SPY,597.35498046875,34959843.981859684,37509482.73476805,72469326.71662773,2024-11-12
2024-11-12 14:49:06.945022,QQQ,513.27001953125,11336394.81540666,15732853.905141098,27069248.72054776,2024-11-12
2024-11-12 14:54:09.223463,SPY,596.7899780273438,23286585.367297083,13493971.106557446,36780556.47385453,2024-11-12
2024-11-12 14:54:12.232671,QQQ,512.6900024414062,20618765.307415064,26797598.094353147,47416363.40176821,2024-11-12
2024-11-12 14:59:15.244546,SPY,596.8200073242188,26774799.42532088,59368412.34907756,86143211.77439845,2024-11-12
2024-11-12 14:59:18.371852,QQQ,512.9000244140625,24276096.511604697,22421778.48819125,46697874.99979595,2024-11-12
2024-11-12 15:04:21.886956,SPY,596.7899780273438,27250333.479645904,71678762.06730536,98929095.54695126,2024-11-12
2024-11-12 15:04:25.616690,QQQ,512.9000244140625,25231073.277833592,24273689.268302366,49504762.54613596,2024-11-12
2024-11-12 15:09:28.934862,SPY,596.7899780273438,25075841.37441301,13764663.202776603,38840504.57718961,2024-11-12
2024-11-12 15:09:31.190572,QQQ,512.9000244140625,20968225.83235403,27526589.95932994,48494815.79168397,2024-11-12
2024-11-12 15:14:33.274687,SPY,596.7899780273438,27802209.985342626,13512392.690435331,41314602.67577796,2024-11-12
2024-11-12 15:14:35.544152,QQQ,512.9000244140625,20249122.727100547,37471843.29830236,57720966.0254029,2024-11-12
2024-11-12 15:19:37.830364,SPY,596.7899780273438,25857161.31564472,13191848.912249235,39049010.22789396,2024-11-12
2024-11-12 15:19:41.436077,QQQ,512.9099731445312,21175210.168335024,42292520.40083089,63467730.56916592,2024-11-12
2024-11-12 15:24:44.901733,SPY,596.7899780273438,35149891.14648533,45494751.99508006,80644643.14156538,2024-11-12
2024-11-12 15:24:47.139606,QQQ,512.9099731445312,38910511.67480489,24136298.908365183,63046810.58317007,2024-11-12
2024-11-12 15:29:49.247920,SPY,596.7899780273438,38245965.46707492,64354794.814572886,102600760.2816478,2024-11-12
2024-11-12 15:29:51.420381,QQQ,512.9099731445312,25948586.4376133,31138837.23562431,57087423.67323761,2024-11-12
2024-11-12 15:34:53.510732,SPY,596.9000244140625,39239583.90730165,10051956.220121443,49291540.12742309,2024-11-12
2024-11-12 15:34:55.968502,QQQ,512.9099731445312,23375658.138466828,83569135.91099057,106944794.0494574,2024-11-12
2024-11-12 15:39:58.145921,SPY,596.9000244140625,32181004.6365731,8576265.769608798,40757270.40618189,2024-11-12
2024-11-12 15:40:00.331368,QQQ,512.9099731445312,22996331.80103728,7056741.393145816,30053073.194183096,2024-11-12
2024-11-12 15:45:03.005657,SPY,596.9000244140625,33538982.019814696,8795350.096370349,42334332.11618505,2024-11-12
2024-11-12 15:45:05.302496,QQQ,512.9099731445312,26567763.857837666,7114271.540065392,33682035.397903055,2024-11-12
2024-11-12 15:50:07.522688,SPY,596.9000244140625,33522136.61147447,8855259.491876386,42377396.103350855,2024-11-12
2024-11-12 15:50:09.717082,QQQ,512.9099731445312,25154194.61277292,7061040.484652374,32215235.09742529,2024-11-12
2024-11-12 15:55:11.846803,SPY,596.9000244140625,29023652.057661537,8853686.749584474,37877338.807246014,2024-11-12
2024-11-12 15:55:14.755542,QQQ,512.9099731445312,23686824.774689622,7059397.37105489,30746222.14574452,2024-11-12
2024-11-12 16:00:17.213495,SPY,596.9000244140625,29023652.057661537,8853686.749584474,37877338.807246014,2024-11-12
2024-11-12 16:00:19.438920,QQQ,512.9099731445312,23686824.774689622,7059397.37105489,30746222.14574452,2024-11-12
2024-11-12 16:05:21.861190,SPY,596.9000244140625,29023652.057661537,8853686.749584474,37877338.807246014,2024-11-12
2024-11-12 16:05:25.018843,QQQ,512.9099731445312,23686824.774689622,7059397.37105489,30746222.14574452,2024-11-12
2024-11-12 16:10:28.169671,SPY,596.9000244140625,29023652.057661537,8853686.749584474,37877338.807246014,2024-11-12
2024-11-12 16:10:30.961817,QQQ,512.9099731445312,23686824.774689622,7059397.37105489,30746222.14574452,2024-11-12
2024-11-12 16:15:33.604782,SPY,596.9000244140625,29023652.057661537,8853686.749584474,37877338.807246014,2024-11-12
2024-11-12 16:15:36.026643,QQQ,512.9099731445312,23686824.774689622,7059397.37105489,30746222.14574452,2024-11-12
2024-11-12 16:20:39.907775,SPY,596.9000244140625,29023652.057661537,8853686.749584474,37877338.807246014,2024-11-12
2024-11-12 16:20:44.650627,QQQ,512.9099731445312,23686824.774689622,7059397.37105489,30746222.14574452,2024-11-12
2024-11-12 16:25:47.493482,SPY,596.9000244140625,29023652.057661537,8853686.749584474,37877338.807246014,2024-11-12
2024-11-12 16:25:50.928533,QQQ,512.9099731445312,23686824.774689622,7059397.37105489,30746222.14574452,2024-11-12
2024-11-12 16:28:56.007955,SPY,596.9000244140625,29023652.057661537,8853686.749584474,37877338.807246014,2024-11-12
2024-11-12 16:29:03.037783,QQQ,512.9099731445312,23686824.774689622,7059397.37105489,30746222.14574452,2024-11-12
2024-11-12 16:30:45.263093,SPY,596.9000244140625,29023652.057661537,8853686.749584474,37877338.807246014,2024-11-12
2024-11-12 16:30:50.798874,QQQ,512.9099731445312,23686824.774689622,7059397.37105489,30746222.14574452,2024-11-12
2024-11-13 08:31:35.015032,SPY,597.3499755859375,581088.7868619155,618533.3468974382,1199622.1337593538,2024-11-13
2024-11-13 08:31:37.667453,QQQ,512.510009765625,763195.8257411192,424505.9835704714,1187701.8093115906,2024-11-13
2024-11-13 08:36:39.839474,SPY,597.2999877929688,442517.8853221618,1642883.3828860442,2085401.2682082064,2024-11-13
2024-11-13 08:36:41.991574,QQQ,512.89501953125,8607879.352455324,16711.549251726752,8624590.90170705,2024-11-13
2024-11-13 08:41:44.151363,SPY,597.3200073242188,423564.2962362869,1114809.5281963164,1538373.8244326033,2024-11-13
2024-11-13 08:41:46.805244,QQQ,512.6599731445312,238826.77541939268,68702.63895345101,307529.4143728437,2024-11-13
2024-11-13 08:46:49.472427,SPY,597.4500122070312,67010.0498147162,119109.61132383948,186119.66113855568,2024-11-13
2024-11-13 08:46:51.853796,QQQ,512.4719848632812,506177.6086082352,644538.4488004522,1150716.0574086874,2024-11-13
2024-11-13 08:51:54.221193,SPY,596.7025146484375,2040344.256016032,280630.4210464524,2320974.677062484,2024-11-13
2024-11-13 08:51:56.343835,QQQ,511.9500122070313,19869843.478616595,11204.521324027844,19881047.999940623,2024-11-13
2024-11-13 08:56:58.424551,SPY,596.594970703125,312740.6271572908,673142.924162714,985883.5513200047,2024-11-13
2024-11-13 08:57:01.548890,QQQ,511.8500061035156,1010502.5569051952,15357.62908844456,1025860.18599364,2024-11-13
2024-11-13 09:02:04.160260,SPY,596.5100708007812,823911.0338225641,1121310.269932289,1945221.303754853,2024-11-13
2024-11-13 09:02:06.363271,QQQ,511.4400024414063,341011.1831400292,721054.3614013708,1062065.5445414,2024-11-13
2024-11-13 09:07:09.047402,SPY,595.39990234375,827508.516711373,1991620.7465677315,2819129.263279104,2024-11-13
2024-11-13 09:07:11.205608,QQQ,510.2999877929688,376035.2599341295,753313.620577638,1129348.8805117677,2024-11-13
2024-11-13 09:12:13.448245,SPY,596.530029296875,1379028.7393965072,2120061.631427172,3499090.3708236786,2024-11-13
2024-11-13 09:12:15.580308,QQQ,511.239990234375,710828.2176537131,1491665.594308708,2202493.811962421,2024-11-13
2024-11-13 09:17:18.069161,SPY,596.2000122070312,1536809.4593559685,2891603.3377777366,4428412.797133705,2024-11-13
2024-11-13 09:17:20.626019,QQQ,510.9755859375,788892.0327251022,1900304.63503567,2689196.667760772,2024-11-13
2024-11-13 09:22:23.389371,SPY,596.0399780273438,1988469.27289634,3591708.7314230693,5580178.004319409,2024-11-13
2024-11-13 09:22:25.856727,QQQ,510.760009765625,1001113.3775253874,2133927.3255930794,3135040.703118467,2024-11-13
2024-11-13 09:27:28.105611,SPY,596.3820190429688,2571893.568006122,3807939.513067037,6379833.081073159,2024-11-13
2024-11-13 09:27:30.312281,QQQ,510.9400024414063,1181119.4879385885,2797240.635378916,3978360.123317504,2024-11-13
2024-11-13 09:32:33.240699,SPY,596.5800170898438,3198095.272558974,4284773.508115909,7482868.780674883,2024-11-13
2024-11-13 09:32:35.434389,QQQ,511.2699890136719,1603930.937052142,2683099.6531923222,4287030.590244465,2024-11-13
2024-11-13 09:37:37.765600,SPY,597.0798950195312,5823416.426691007,3490493.8571361443,9313910.283827152,2024-11-13
2024-11-13 09:37:40.212896,QQQ,511.7999877929688,2653376.535570075,2269151.811628992,4922528.347199067,2024-11-13
2024-11-13 09:42:42.337166,SPY,596.760009765625,5339009.089832351,6010012.316806127,11349021.406638475,2024-11-13
2024-11-13 09:42:44.732434,QQQ,511.260009765625,2487330.3022400094,3693073.003700792,6180403.305940799,2024-11-13
2024-11-13 09:47:46.942094,SPY,597.1199951171875,7564953.861648544,5126340.068698583,12691293.930347126,2024-11-13
2024-11-13 09:47:49.386649,QQQ,511.5400085449219,3231437.5438663173,3316803.253768636,6548240.797634954,2024-11-13
2024-11-13 09:52:51.746720,SPY,596.75,6833656.9691886585,5882329.870986718,12715986.840175375,2024-11-13
2024-11-13 09:52:54.131729,QQQ,511.010009765625,2891723.4674790846,3999839.695065494,6891563.162544578,2024-11-13
2024-11-13 09:57:56.523734,SPY,597.0700073242188,7935010.282615785,6136225.933856188,14071236.216471974,2024-11-13
2024-11-13 09:57:58.853647,QQQ,511.2550048828125,3265757.4742554897,4249085.483962478,7514842.958217967,2024-11-13
2024-11-13 10:03:00.993499,SPY,597.1599731445312,8052132.589851126,6628989.65323197,14681122.243083095,2024-11-13
2024-11-13 10:03:04.387618,QQQ,511.3599853515625,3368286.620394884,4599070.274460223,7967356.894855106,2024-11-13
2024-11-13 10:08:06.515039,SPY,597.02001953125,7742228.694720236,8122182.289862268,15864410.984582502,2024-11-13
2024-11-13 10:08:08.751926,QQQ,511.1799926757813,3244075.311565341,5507566.732518565,8751642.044083906,2024-11-13
2024-11-13 10:13:10.918798,SPY,597.4400024414062,10144154.336159108,6939071.391942521,17083225.72810163,2024-11-13
2024-11-13 10:13:13.149497,QQQ,511.6199951171875,4606327.533020067,4772491.457312985,9378818.990333052,2024-11-13
2024-11-13 10:18:15.470065,SPY,597.3740234375,10051191.267080946,7785948.806179699,17837140.073260643,2024-11-13
2024-11-13 10:18:17.744015,QQQ,511.6998901367188,4948628.752403959,4978326.164703849,9926954.917107807,2024-11-13
2024-11-13 10:23:20.418575,SPY,597.2901000976562,11528480.11371358,8183634.546369509,19712114.66008309,2024-11-13
2024-11-13 10:23:23.964595,QQQ,511.4801025390625,4879925.997871773,5155752.689062079,10035678.686933853,2024-11-13
2024-11-13 10:28:26.241979,SPY,598.0,10931282.454961272,6573369.805805911,17504652.260767184,2024-11-13
2024-11-13 10:28:28.873518,QQQ,512.3062744140625,6645935.88133236,4050180.878134516,10696116.759466875,2024-11-13
2024-11-13 10:33:31.189519,SPY,597.8587036132812,14175023.922787648,7415539.889033518,21590563.811821166,2024-11-13
2024-11-13 10:33:34.002308,QQQ,512.2186889648438,6352855.28232355,4331140.276671304,10683995.558994856,2024-11-13
2024-11-13 10:38:36.846160,SPY,597.9749755859375,11762286.524756806,7075676.317571884,18837962.84232869,2024-11-13
2024-11-13 10:38:38.944094,QQQ,512.1599731445312,7007049.359970748,4321801.417691775,11328850.777662523,2024-11-13
2024-11-13 10:43:41.282943,SPY,597.3499755859375,11480204.840369407,10369995.368545128,21850200.208914533,2024-11-13
2024-11-13 10:43:43.581447,QQQ,511.1950073242188,4552551.008628484,7281493.6194751235,11834044.628103606,2024-11-13
2024-11-13 10:48:45.764789,SPY,597.989990234375,15674571.508288052,8030511.529712301,23705083.03800036,2024-11-13
2024-11-13 10:48:47.992385,QQQ,512.2100219726562,6229602.849646506,5081762.430855167,11311365.280501671,2024-11-13
2024-11-13 10:53:50.333722,SPY,598.0999755859375,13383277.638153972,7883377.584396698,21266655.222550668,2024-11-13
2024-11-13 10:53:52.444144,QQQ,512.5800170898438,8836521.771041064,4426080.473079059,13262602.244120125,2024-11-13
2024-11-13 10:58:54.800852,SPY,598.0391845703125,15535368.007986017,9221115.907682303,24756483.91566832,2024-11-13
2024-11-13 10:58:56.928287,QQQ,512.510009765625,7209824.944504673,5422871.16700021,12632696.111504884,2024-11-13
2024-11-13 11:03:59.169034,SPY,598.2000122070312,17976237.06716533,8734738.558668392,26710975.62583372,2024-11-13
2024-11-13 11:04:01.388709,QQQ,512.7000122070312,7779812.634227944,5210699.969451728,12990512.603679672,2024-11-13
2024-11-13 11:09:04.292635,SPY,598.5377807617188,18483758.052797027,8082285.725747794,26566043.77854482,2024-11-13
2024-11-13 11:09:07.477611,QQQ,513.0599975585938,7182925.511775884,4512672.518221372,11695598.029997256,2024-11-13
2024-11-13 11:14:10.065053,SPY,598.60498046875,10530887.552731128,7647294.033767515,18178181.58649864,2024-11-13
2024-11-13 11:14:12.349727,QQQ,513.030029296875,10943560.941597676,4127413.273894854,15070974.21549253,2024-11-13
2024-11-13 11:19:14.576350,SPY,598.7098999023438,19676741.856508624,8306225.674319611,27982967.53082824,2024-11-13
2024-11-13 11:19:16.900013,QQQ,513.3300170898438,9994187.225215849,4498205.726716659,14492392.951932508,2024-11-13
2024-11-13 11:24:19.185860,SPY,598.3099975585938,19112106.13219732,10021719.815081174,29133825.94727849,2024-11-13
2024-11-13 11:24:21.441346,QQQ,512.8599853515625,9338837.93101849,5783896.112548537,15122734.043567028,2024-11-13
2024-11-13 11:29:23.765727,SPY,598.3975219726562,18522539.028509,10049593.008925777,28572132.03743478,2024-11-13
2024-11-13 11:29:25.915778,QQQ,513.0349731445312,9876652.543827824,5469333.147926748,15345985.691754572,2024-11-13
2024-11-13 11:34:28.133631,SPY,598.3900756835938,20155274.86912937,10560384.715609169,30715659.584738538,2024-11-13
2024-11-13 11:34:30.379552,QQQ,513.0,9648790.692809552,5850578.007590022,15499368.700399574,2024-11-13
2024-11-13 11:39:32.727663,SPY,598.6300048828125,18708854.872258343,10453116.440094683,29161971.31235303,2024-11-13
2024-11-13 11:39:35.037791,QQQ,513.1699829101562,9519011.989354014,5856562.110324762,15375574.099678775,2024-11-13
2024-11-13 11:44:37.429885,SPY,598.4099731445312,17852566.714033645,12146542.863198576,29999109.57723222,2024-11-13
2024-11-13 11:44:40.376584,QQQ,512.7827758789062,8405397.803653285,7190722.107710466,15596119.91136375,2024-11-13
2024-11-13 11:49:42.828497,SPY,598.830078125,21649744.426240403,10355325.053075252,32005069.479315653,2024-11-13
2024-11-13 11:49:45.006484,QQQ,513.4299926757812,9790353.56982089,5836061.616767189,15626415.18658808,2024-11-13
2024-11-13 11:54:47.131056,SPY,598.905029296875,15139236.70384464,10222577.558628118,25361814.26247276,2024-11-13
2024-11-13 11:54:49.461974,QQQ,513.739990234375,5699538.203287391,5051713.351708283,10751251.554995677,2024-11-13
2024-11-13 11:59:51.979474,SPY,599.0900268554688,18065798.05874781,9866498.668040588,27932296.7267884,2024-11-13
2024-11-13 11:59:54.302027,QQQ,514.0009765625,7652926.193535824,4669466.241585733,12322392.43512156,2024-11-13
2024-11-13 12:04:56.619360,SPY,599.1400146484375,20100834.257885467,9851680.472580524,29952514.730466,2024-11-13
2024-11-13 12:04:58.799955,QQQ,514.1599731445312,9919408.681139415,4530980.371840684,14450389.0529801,2024-11-13
2024-11-13 12:10:01.040581,SPY,598.75,24298290.050439347,12228122.623104138,36526412.67354348,2024-11-13
2024-11-13 12:10:03.642229,QQQ,514.02001953125,7669174.961225438,4820473.225925866,12489648.187151304,2024-11-13
2024-11-13 12:15:06.243535,SPY,598.5700073242188,26452625.884766664,13071164.830770329,39523790.715537,2024-11-13
2024-11-13 12:15:08.526146,QQQ,513.8200073242188,7426355.481833206,5169630.638299183,12595986.120132389,2024-11-13
2024-11-13 12:20:10.925150,SPY,598.655029296875,22857271.24132253,14016420.17674099,36873691.41806352,2024-11-13
2024-11-13 12:20:13.986471,QQQ,513.9000244140625,9299471.609456794,5522701.981702208,14822173.591159,2024-11-13
2024-11-13 12:25:16.439435,SPY,598.760009765625,23072335.20694564,13695489.494182356,36767824.70112799,2024-11-13
2024-11-13 12:25:18.769025,QQQ,514.0100708007812,10201039.950530956,5603078.135584663,15804118.086115615,2024-11-13
2024-11-13 12:30:21.090891,SPY,598.8200073242188,22010876.011311725,13823420.950663798,35834296.96197552,2024-11-13
2024-11-13 12:30:23.324775,QQQ,514.1699829101562,11270879.368915737,5458695.482836457,16729574.851752194,2024-11-13
2024-11-13 12:35:25.996767,SPY,598.85498046875,23521730.125405088,13910767.751160292,37432497.87656538,2024-11-13
2024-11-13 12:35:28.187727,QQQ,514.2098999023438,11919089.90234184,5578068.11483329,17497158.01717513,2024-11-13
2024-11-13 12:40:30.471433,SPY,598.6199951171875,25676648.21927017,15792741.274651485,41469389.49392165,2024-11-13
2024-11-13 12:40:32.869848,QQQ,513.9000244140625,11851939.98432349,6511793.383669832,18363733.36799332,2024-11-13
2024-11-13 12:45:35.087062,SPY,598.8400268554688,29744170.78819605,13895775.209300742,43639945.997496784,2024-11-13
2024-11-13 12:45:37.462045,QQQ,514.21728515625,8081641.034855505,5637652.386503573,13719293.421359075,2024-11-13
2024-11-13 12:50:39.579521,SPY,599.1300048828125,23168986.176035564,12769875.011813026,35938861.18784859,2024-11-13
2024-11-13 12:50:41.831064,QQQ,514.7799072265625,6524688.7400060985,4641579.773882393,11166268.513888491,2024-11-13
2024-11-13 12:55:44.515240,SPY,599.080078125,22552326.81343396,13395072.349211711,35947399.16264567,2024-11-13
2024-11-13 12:55:46.777821,QQQ,514.8499755859375,7078113.27634182,4545658.506196708,11623771.782538528,2024-11-13
2024-11-13 13:00:49.122187,SPY,598.9099731445312,28544135.41154008,14985127.041806284,43529262.45334637,2024-11-13
2024-11-13 13:00:51.452788,QQQ,514.6699829101562,6815766.427776556,4997753.536634367,11813519.964410923,2024-11-13
2024-11-13 13:05:53.669584,SPY,598.5850219726562,26017251.717928287,18954011.45876287,44971263.17669116,2024-11-13
2024-11-13 13:05:56.040765,QQQ,514.0700073242188,12411839.311334273,6715061.810232912,19126901.121567182,2024-11-13
2024-11-13 13:10:58.320674,SPY,598.530029296875,29306868.5537287,18683164.135155573,47990032.68888427,2024-11-13
2024-11-13 13:11:01.828041,QQQ,513.9686889648438,13545867.378380308,7012124.714673452,20557992.09305376,2024-11-13
2024-11-13 13:16:04.537012,SPY,598.6950073242188,28874325.4172008,18244311.93939936,47118637.35660015,2024-11-13
2024-11-13 13:16:06.763872,QQQ,514.1900024414062,13241993.34378633,6693804.694123787,19935798.03791012,2024-11-13
2024-11-13 13:21:08.991405,SPY,598.1099853515625,19772869.43624918,28980000.48856889,48752869.92481808,2024-11-13
2024-11-13 13:21:11.171542,QQQ,513.6981201171875,8295485.288590205,7480146.032266851,15775631.320857055,2024-11-13
2024-11-13 13:26:13.661813,SPY,598.2750244140625,20828596.527672715,23640274.860215142,44468871.38788786,2024-11-13
2024-11-13 13:26:15.932520,QQQ,513.9400024414062,8923812.712275043,9693574.4264633,18617387.13873834,2024-11-13
2024-11-13 13:31:19.076996,SPY,597.8298950195312,18446889.331411973,48926262.17609987,67373151.50751184,2024-11-13
2024-11-13 13:31:21.497128,QQQ,513.3892822265625,8102394.113453029,9503217.528295515,17605611.641748548,2024-11-13
2024-11-13 13:36:24.058706,SPY,597.52001953125,17792145.085905757,19674007.262250166,37466152.34815592,2024-11-13
2024-11-13 13:36:26.732778,QQQ,513.1199951171875,8901690.863185074,11950362.851587906,20852053.71477298,2024-11-13
2024-11-13 13:41:29.133712,SPY,597.1799926757812,16303813.798220072,31559610.763283145,47863424.56150322,2024-11-13
2024-11-13 13:41:31.425832,QQQ,512.7882080078125,8705185.609925183,19959325.029853214,28664510.6397784,2024-11-13
2024-11-13 13:46:33.653203,SPY,597.22900390625,16049503.84667111,31597545.37706761,47647049.22373872,2024-11-13
2024-11-13 13:46:35.890885,QQQ,512.75,8169415.44241865,7935815.3668027185,16105230.809221368,2024-11-13
2024-11-13 13:51:38.224318,SPY,597.3499755859375,20128861.938430272,24994539.44086365,45123401.37929392,2024-11-13
2024-11-13 13:51:40.896379,QQQ,513.1484985351562,12359865.582372896,11050944.834943611,23410810.417316508,2024-11-13
2024-11-13 13:56:43.615609,SPY,597.2000122070312,18343650.54229116,31619445.952039503,49963096.49433066,2024-11-13
2024-11-13 13:56:47.403205,QQQ,512.9199829101562,9486872.364460004,18965265.350301422,28452137.71476143,2024-11-13
2024-11-13 14:01:49.802613,SPY,597.1699829101562,21335632.420402933,28171456.53279521,49507088.953198135,2024-11-13
2024-11-13 14:01:52.704012,QQQ,512.760009765625,11293432.758155454,14743568.96077576,26037001.718931213,2024-11-13
2024-11-13 14:06:55.069416,SPY,596.8800048828125,19601216.48460098,40155660.908450805,59756877.39305179,2024-11-13
2024-11-13 14:06:57.294278,QQQ,512.3200073242188,9997708.972850015,12264663.029704263,22262372.002554283,2024-11-13
2024-11-13 14:11:59.457584,SPY,597.5200805664062,35165471.38204487,27333058.19302281,62498529.57506768,2024-11-13
2024-11-13 14:12:01.828984,QQQ,512.885009765625,16726387.168592284,12679769.071494544,29406156.240086827,2024-11-13
2024-11-13 14:17:04.486047,SPY,597.7700805664062,36823384.601715125,25520634.88035082,62344019.482065946,2024-11-13
2024-11-13 14:17:06.816015,QQQ,513.1699829101562,17263776.510214802,10891707.620740736,28155484.13095554,2024-11-13
2024-11-13 14:22:09.248821,SPY,598.0599975585938,66680620.24911237,22867697.03792076,89548317.28703313,2024-11-13
2024-11-13 14:22:11.325232,QQQ,513.3599853515625,18246786.12314064,11895161.58445015,30141947.70759078,2024-11-13
2024-11-13 14:27:14.041385,SPY,597.7100219726562,35147633.27695975,26898612.616772216,62046245.89373197,2024-11-13
2024-11-13 14:27:16.442163,QQQ,513.0,18145263.432249505,13491850.310300628,31637113.74255013,2024-11-13
2024-11-13 14:32:18.978993,SPY,597.4600219726562,39147822.92682085,30688006.835227106,69835829.76204796,2024-11-13
2024-11-13 14:32:23.442670,QQQ,512.6099853515625,16061514.22924465,13844271.794394584,29905786.023639232,2024-11-13
2024-11-13 14:37:27.757402,SPY,598.3300170898438,19424575.81404857,18207921.76060796,37632497.57465652,2024-11-13
2024-11-13 14:37:32.819436,QQQ,513.5800170898438,13872995.00837518,8460525.473044062,22333520.481419243,2024-11-13
2024-11-13 14:42:36.798927,SPY,598.4000244140625,22674548.131727148,21818806.542668764,44493354.67439591,2024-11-13
2024-11-13 14:42:39.786942,QQQ,513.5701293945312,12607799.51709276,9653657.87331092,22261457.39040368,2024-11-13
2024-11-13 14:47:43.103655,SPY,597.8900146484375,41818441.397622496,36179165.150030926,77997606.54765342,2024-11-13
2024-11-13 14:47:47.908378,QQQ,513.0999755859375,19085214.44319655,15451914.18498983,34537128.62818638,2024-11-13
2024-11-13 14:52:50.736979,SPY,597.2299194335938,24595165.09285356,41835136.4701028,66430301.56295635,2024-11-13
2024-11-13 14:52:54.070213,QQQ,512.4000244140625,11445863.00155933,13639063.448233023,25084926.449792355,2024-11-13
2024-11-13 14:57:59.392652,SPY,596.8892822265625,23092278.48226748,12601731.722381916,35694010.20464939,2024-11-13
2024-11-13 14:58:04.342696,QQQ,511.8599853515625,10182328.870506473,6848376.210210043,17030705.080716513,2024-11-13
2024-11-14 08:33:10.122656,SPY,597.489990234375,117686.83022618022,81632.3452157057,199319.17544188592,2024-11-14
2024-11-14 08:33:13.094795,QQQ,512.1799926757812,16500.0906919815,131886.62352163973,148386.71421362122,2024-11-14
2024-11-14 08:38:15.812462,SPY,597.090087890625,99867.3331851504,18540904.3704979,18640771.70368305,2024-11-14
2024-11-14 08:38:18.312003,QQQ,512.3300170898438,100997.07136443068,180441.6511415387,281438.72250596934,2024-11-14
2024-11-14 08:43:22.106246,SPY,596.3399047851562,605944.1439405789,603341.7395362249,1209285.8834768038,2024-11-14
2024-11-14 08:43:25.325689,QQQ,511.2300109863281,22172.55478083055,1331633.037495136,1353805.592275967,2024-11-14
2024-11-14 08:48:28.423560,SPY,596.0449829101562,80677.07173296262,17134556.9382516,17215234.009984564,2024-11-14
2024-11-14 08:48:32.013837,QQQ,510.4599914550781,370756.55785581935,16338.16028651839,387094.71814233775,2024-11-14
2024-11-14 08:53:35.120456,SPY,596.319091796875,505847.9786340434,899498.284705078,1405346.2633391214,2024-11-14
2024-11-14 08:53:38.969708,QQQ,510.55999755859375,59840.570081305406,256694.03716826483,316534.60724957025,2024-11-14
2024-11-14 08:58:41.687968,SPY,596.2899780273438,393492.7235740062,1559415.247047786,1952907.9706217924,2024-11-14
2024-11-14 08:58:45.509199,QQQ,510.7699890136719,1929401.846243382,14082.995610690286,1943484.841854072,2024-11-14
2024-11-14 09:03:48.486890,SPY,596.0900268554688,729589.1182460443,1538569.1526501095,2268158.270896154,2024-11-14
2024-11-14 09:03:52.017709,QQQ,510.4400939941406,386322.46346045134,767592.6110488768,1153915.0745093282,2024-11-14
2024-11-14 09:08:54.707321,SPY,596.4299926757812,1233222.916138538,1810951.362542188,3044174.278680725,2024-11-14
2024-11-14 09:08:58.100007,QQQ,511.1802062988281,616802.7167802269,1015117.9195949248,1631920.6363751518,2024-11-14
2024-11-14 09:14:00.411158,SPY,596.1400146484375,1769870.16269702,2887687.225012606,4657557.387709626,2024-11-14
2024-11-14 09:14:03.604093,QQQ,511.08209228515625,1049123.8578456498,1501682.2573957895,2550806.115241439,2024-11-14
2024-11-14 09:19:06.617911,SPY,595.5499877929688,2051356.0878449776,4745250.433861909,6796606.521706888,2024-11-14
2024-11-14 09:19:08.929754,QQQ,510.260009765625,1262217.561103074,2371377.61934216,3633595.180445234,2024-11-14
2024-11-14 09:24:11.512551,SPY,595.5,2501842.592738285,5759170.459566234,8261013.052304519,2024-11-14
2024-11-14 09:24:14.812214,QQQ,510.0700073242188,1656675.6692082165,3066775.433015412,4723451.102223628,2024-11-14
2024-11-14 09:29:18.616463,SPY,596.4099731445312,3830789.748708414,4728798.816681021,8559588.565389436,2024-11-14
2024-11-14 09:29:22.843237,QQQ,510.8999938964844,2354328.277175995,2913495.6554969144,5267823.932672909,2024-11-14
2024-11-14 09:34:25.583109,SPY,596.4400024414062,4387488.869436982,4946876.69178769,9334365.561224671,2024-11-14
2024-11-14 09:34:29.052240,QQQ,510.9400024414063,2688167.5879209903,2935848.705995041,5624016.293916032,2024-11-14
2024-11-14 09:39:32.035619,SPY,596.5999755859375,4858780.453907006,5412024.354132167,10270804.808039172,2024-11-14
2024-11-14 09:39:34.490980,QQQ,511.0499877929688,2731963.0257482952,3241289.071643357,5973252.097391652,2024-11-14
2024-11-14 09:44:36.821490,SPY,596.7000122070312,5861783.395962507,5178095.600685726,11039878.996648232,2024-11-14
2024-11-14 09:44:39.060358,QQQ,511.510009765625,3414071.665581,3021034.346915157,6435106.012496158,2024-11-14
2024-11-14 09:49:42.417547,SPY,596.8099975585938,7428493.029987682,4912160.887703297,12340653.917690976,2024-11-14
2024-11-14 09:49:44.993515,QQQ,511.6300048828125,4813992.472943537,2621144.978195983,7435137.45113952,2024-11-14
2024-11-14 09:54:47.469955,SPY,596.6599731445312,7929169.772395668,5585706.958652807,13514876.731048476,2024-11-14
2024-11-14 09:54:49.659140,QQQ,511.5299987792969,5174880.750413914,2933989.0563741405,8108869.806788055,2024-11-14
2024-11-14 09:59:52.069332,SPY,596.1400146484375,5928465.367336613,9091705.10362024,15020170.47095685,2024-11-14
2024-11-14 09:59:55.045665,QQQ,510.760009765625,3479406.980389457,4489595.878007215,7969002.858396672,2024-11-14
2024-11-14 10:04:58.263325,SPY,595.9600830078125,5729853.597393668,9888170.262725376,15618023.860119045,2024-11-14
2024-11-14 10:05:01.314056,QQQ,510.7999877929688,3656839.7913107695,4583441.595249582,8240281.386560352,2024-11-14
2024-11-14 10:10:05.060063,SPY,596.27001953125,6694588.824650884,10043780.395969816,16738369.2206207,2024-11-14
2024-11-14 10:10:08.265627,QQQ,511.2000122070313,4395690.361895319,4456482.438511564,8852172.800406884,2024-11-14
2024-11-14 10:15:10.923433,SPY,596.219970703125,6686692.818124325,11137083.363212653,17823776.181336977,2024-11-14
2024-11-14 10:15:16.752607,QQQ,510.8999938964844,3734973.812773381,5885710.804394611,9620684.617167993,2024-11-14
2024-11-14 10:20:19.662589,SPY,596.219970703125,6888127.673174885,11456467.995386776,18344595.66856166,2024-11-14
2024-11-14 10:20:22.172810,QQQ,510.85009765625,3757959.2993791183,6128384.610461815,9886343.909840934,2024-11-14
2024-11-14 10:25:25.399505,SPY,596.5750122070312,8190582.7832630575,10357381.816660386,18547964.599923443,2024-11-14
2024-11-14 10:25:27.935597,QQQ,511.2900085449219,4445584.60330832,5555139.789382907,10000724.392691229,2024-11-14
2024-11-14 10:30:30.531590,SPY,596.489990234375,9027117.80624734,10052751.493912214,19079869.30015955,2024-11-14
2024-11-14 10:30:32.811980,QQQ,511.2666015625,4724424.129128362,5691998.049126506,10416422.178254869,2024-11-14
2024-11-14 10:35:34.993764,SPY,596.3900146484375,9584852.820713967,10891972.0073423,20476824.82805627,2024-11-14
2024-11-14 10:35:37.382147,QQQ,511.16900634765625,5616736.11852243,5648712.183335395,11265448.301857824,2024-11-14
2024-11-14 10:40:39.718946,SPY,596.6799926757812,11019519.516479632,9830299.393950457,20849818.91043009,2024-11-14
2024-11-14 10:40:41.988401,QQQ,511.6600036621094,6730977.902257341,4979591.605803255,11710569.508060597,2024-11-14
2024-11-14 10:45:44.281141,SPY,596.5599975585938,11305948.979689866,10461522.851670736,21767471.8313606,2024-11-14
2024-11-14 10:45:46.845912,QQQ,511.80999755859375,7370145.338928255,4574716.02572839,11944861.364656646,2024-11-14
2024-11-14 10:50:49.319663,SPY,596.1630859375,9531249.995134337,12398020.837781472,21929270.83291581,2024-11-14
2024-11-14 10:50:53.771954,QQQ,511.4700012207031,7233618.531219084,5244315.894060202,12477934.425279286,2024-11-14
2024-11-14 10:55:57.039247,SPY,595.639892578125,7481818.901702362,17045730.719032735,24527549.620735098,2024-11-14
2024-11-14 10:56:00.083260,QQQ,511.0199890136719,5461413.529786828,7088257.5240782965,12549671.053865124,2024-11-14
2024-11-14 11:01:02.449187,SPY,595.4400024414062,7204179.251717823,20416170.39268564,27620349.644403458,2024-11-14
2024-11-14 11:01:04.781955,QQQ,510.7699890136719,5081504.866546937,7807274.416777739,12888779.283324676,2024-11-14
2024-11-14 11:06:07.173731,SPY,595.3699951171875,7200134.943961557,19729099.817414854,26929234.76137641,2024-11-14
2024-11-14 11:06:09.704529,QQQ,510.75,5343340.779973204,7768640.3368181875,13111981.116791392,2024-11-14
2024-11-14 11:11:12.476636,SPY,595.597412109375,7547606.929788138,22336390.804227307,29883997.734015446,2024-11-14
2024-11-14 11:11:18.414268,QQQ,510.9100036621094,5108287.755936322,8884277.186049622,13992564.941985942,2024-11-14
2024-11-14 11:16:21.332583,SPY,594.8400268554688,6272317.785042534,19530482.465759814,25802800.250802346,2024-11-14
2024-11-14 11:16:24.030108,QQQ,510.2000122070313,4052016.2318117614,7760145.940494191,11812162.172305953,2024-11-14
2024-11-14 11:21:26.838934,SPY,595.0599975585938,7455340.21705787,13152576.338372044,20607916.55542992,2024-11-14
2024-11-14 11:21:29.872537,QQQ,510.4100036621094,4658091.752394063,11089260.57616879,15747352.328562852,2024-11-14
2024-11-14 11:26:33.586848,SPY,594.7899780273438,7332364.848392186,13695549.977729209,21027914.8261214,2024-11-14
2024-11-14 11:26:36.776557,QQQ,509.9901123046875,4482622.250376404,7715149.151951381,12197771.402327783,2024-11-14
2024-11-14 11:31:41.394944,SPY,594.260009765625,6458732.962873683,6909292.736951751,13368025.699825434,2024-11-14
2024-11-14 11:31:44.281254,QQQ,509.4599914550781,4066672.14675282,10918877.487522185,14985549.634275004,2024-11-14
2024-11-14 11:36:47.306874,SPY,594.8599853515625,8229471.402454241,17088926.3296501,25318397.732104342,2024-11-14
2024-11-14 11:36:50.717151,QQQ,510.0979919433594,5169209.537763567,11187931.968404036,16357141.506167602,2024-11-14
2024-11-14 11:41:55.274358,SPY,595.1500244140625,9519159.633671062,18811321.937513232,28330481.57118429,2024-11-14
2024-11-14 11:41:57.783801,QQQ,510.3699951171875,5458660.35006449,10356373.44336244,15815033.793426927,2024-11-14
2024-11-14 11:47:01.520964,SPY,594.869384765625,9551821.693361163,16490709.659127736,26042531.352488898,2024-11-14
2024-11-14 11:47:04.387357,QQQ,510.1698913574219,6069652.775016234,9271023.805563455,15340676.58057969,2024-11-14
2024-11-14 11:52:07.054977,SPY,594.3297729492188,7890348.9292621855,15969463.738575188,23859812.66783737,2024-11-14
2024-11-14 11:52:09.969009,QQQ,509.6600036621094,5190591.342078666,8168085.427506937,13358676.769585602,2024-11-14
2024-11-14 11:57:12.383048,SPY,594.9600219726562,10764879.47310173,16365074.697942944,27129954.17104468,2024-11-14
2024-11-14 11:57:15.411227,QQQ,510.4049987792969,7729967.38091098,8269505.967139482,15999473.348050462,2024-11-14
2024-11-14 12:02:18.005280,SPY,594.9299926757812,11581700.910859631,14080634.005708003,25662334.91656764,2024-11-14
2024-11-14 12:02:21.003149,QQQ,510.2401123046875,7827403.961466102,7466025.577581215,15293429.539047316,2024-11-14
2024-11-14 12:07:25.452093,SPY,595.3900146484375,15285150.309194883,15228070.674663529,30513220.98385841,2024-11-14
2024-11-14 12:07:28.238343,QQQ,510.9999084472656,10379686.466179742,7438597.427495301,17818283.893675044,2024-11-14
2024-11-14 12:12:31.499425,SPY,595.5,16441955.446867865,16711715.118543925,33153670.565411784,2024-11-14
2024-11-14 12:12:34.137095,QQQ,511.0,10125570.627734073,8201546.762324557,18327117.39005863,2024-11-14
2024-11-14 12:17:39.301830,SPY,595.5599975585938,19085391.89169264,14659335.501213538,33744727.392906174,2024-11-14
2024-11-14 12:17:43.075857,QQQ,511.1000061035156,11785350.596800284,7530955.3435083935,19316305.94030868,2024-11-14
2024-11-14 12:22:46.087105,SPY,595.4099731445312,19674235.10706525,13163770.492952172,32838005.60001742,2024-11-14
2024-11-14 12:22:49.344728,QQQ,511.0700073242188,13165246.631573642,7025049.183639812,20190295.815213453,2024-11-14
2024-11-14 12:27:52.455933,SPY,595.5349731445312,18558379.485494114,16414175.405896531,34972554.891390644,2024-11-14
2024-11-14 12:27:56.052443,QQQ,511.30999755859375,12685025.829680393,8180019.135747548,20865044.965427943,2024-11-14
2024-11-14 12:32:59.233121,SPY,594.9600219726562,14310399.7809054,19812765.27130019,34123165.05220559,2024-11-14
2024-11-14 12:33:02.364527,QQQ,510.7099914550781,10771459.980714574,9915992.853124416,20687452.83383899,2024-11-14
2024-11-14 12:38:05.952423,SPY,594.75,12553315.766895829,19524330.23046562,32077645.99736145,2024-11-14
2024-11-14 12:38:11.823511,QQQ,510.5700073242188,9135407.086593954,13010879.050582103,22146286.13717606,2024-11-14
2024-11-14 12:43:15.195341,SPY,594.9149780273438,13669615.517877197,18334590.73136868,32004206.24924587,2024-11-14
2024-11-14 12:43:18.436645,QQQ,510.639892578125,9290894.2162348,13562421.226526456,22853315.442761257,2024-11-14
2024-11-14 12:48:21.541918,SPY,594.7999877929688,13232661.0179118,21660611.79127205,34893272.80918385,2024-11-14
2024-11-14 12:48:25.011088,QQQ,510.409912109375,8364446.623634155,15278337.178349452,23642783.80198361,2024-11-14
2024-11-14 12:53:28.169850,SPY,594.5499877929688,12226777.159810135,28693350.793540142,40920127.95335028,2024-11-14
2024-11-14 12:53:31.383873,QQQ,510.0199890136719,7134717.841116937,14151812.448885528,21286530.290002465,2024-11-14
2024-11-14 12:58:34.413928,SPY,593.969970703125,9901251.58628665,22032177.01870223,31933428.60498888,2024-11-14
2024-11-14 12:58:37.688074,QQQ,509.260009765625,5497893.864233336,13162475.279601268,18660369.1438346,2024-11-14
2024-11-14 13:03:40.659839,SPY,595.0501098632812,17804606.72174204,22246211.726438303,40050818.44818035,2024-11-14
2024-11-14 13:03:43.989029,QQQ,510.4800109863281,10280443.00316819,15023591.622167531,25304034.625335723,2024-11-14
2024-11-14 13:08:49.018588,SPY,595.0200805664062,17677110.42119418,22828230.15144073,40505340.57263491,2024-11-14
2024-11-14 13:08:52.426739,QQQ,510.2095031738281,9296066.84133637,16428469.825654523,25724536.66699089,2024-11-14
2024-11-14 13:13:55.476915,SPY,594.77001953125,15303253.92142094,26451453.34199271,41754707.26341365,2024-11-14
2024-11-14 13:14:01.060781,QQQ,509.8599853515625,7833200.476502285,17210879.61779061,25044080.09429289,2024-11-14
2024-11-14 13:19:05.134730,SPY,594.7901000976562,16132469.16850319,26385278.33253658,42517747.501039766,2024-11-14
2024-11-14 13:19:08.778583,QQQ,509.8900146484375,8535163.599291958,14355371.5235914,22890535.12288336,2024-11-14
2024-11-14 13:24:12.435275,SPY,594.739990234375,16917691.66107907,24129690.94542419,41047382.60650326,2024-11-14
2024-11-14 13:24:16.116196,QQQ,509.81878662109375,9307486.28550674,16030173.010650232,25337659.296156973,2024-11-14
2024-11-14 13:29:19.190690,SPY,595.0983276367188,24022471.572403774,16359255.562137544,40381727.13454132,2024-11-14
2024-11-14 13:29:22.240125,QQQ,510.05999755859375,12207190.58793077,11487391.599894864,23694582.187825635,2024-11-14
2024-11-14 13:33:12.463102,SPY,595.25,22912744.74820346,21581100.03069721,44493844.77890067,2024-11-14
2024-11-14 13:33:18.462802,QQQ,510.239990234375,11894656.116987811,15431935.041469328,27326591.158457138,2024-11-14
2024-11-14 13:33:21.772385,TSLA,313.33990478515625,780470.2037418645,1521255.535022962,2301725.738764826,2024-11-15
2024-11-14 13:34:07.009004,SPY,595.0599975585938,19771937.527120136,27652446.58225069,47424384.10937083,2024-11-14
2024-11-14 13:34:12.778635,QQQ,510.1099853515625,10098503.935485588,18922549.290038027,29021053.225523613,2024-11-14
2024-11-14 13:39:16.475381,SPY,595.2999877929688,23258970.808189858,25444919.31074656,48703890.11893642,2024-11-14
2024-11-14 13:39:19.763254,QQQ,510.25,12172504.002850194,17001261.13121646,29173765.134066653,2024-11-14
2024-11-14 13:44:23.226941,SPY,595.340087890625,26428050.00165574,22070706.03264616,48498756.03430189,2024-11-14
2024-11-14 13:44:26.162563,QQQ,510.30999755859375,14052045.621407798,13938848.30198864,27990893.92339644,2024-11-14
2024-11-14 13:49:29.471367,SPY,594.9398803710938,21385656.27392827,27435416.492133427,48821072.76606169,2024-11-14
2024-11-14 13:49:32.256272,QQQ,509.7900085449219,11256879.932202589,19415839.84495517,30672719.77715776,2024-11-14
2024-11-14 13:54:34.785923,SPY,595.530029296875,23153616.29545833,20600934.048974104,43754550.34443244,2024-11-14
2024-11-14 13:54:37.570363,QQQ,510.4100036621094,17856006.54169335,13173397.893222392,31029404.434915744,2024-11-14
2024-11-14 13:59:41.304806,SPY,595.2249755859375,24246958.03817585,28808728.851420768,53055686.88959662,2024-11-14
2024-11-14 13:59:45.395065,QQQ,510.0799865722656,13074496.22720978,18074900.760116983,31149396.987326764,2024-11-14
2024-11-14 14:04:49.514795,SPY,593.8200073242188,12181062.20097759,46343431.50976185,58524493.71073944,2024-11-14
2024-11-14 14:04:51.942147,QQQ,508.7099914550781,6780670.430124472,6938053.950129701,13718724.380254172,2024-11-14
2024-11-14 14:09:54.550584,SPY,593.4699096679688,10603514.477342725,11512538.495278949,22116052.97262167,2024-11-14
2024-11-14 14:09:57.886895,QQQ,508.7298889160156,6845793.788144488,6970299.728648326,13816093.516792815,2024-11-14
2024-11-14 14:15:00.610728,SPY,593.4451293945312,10674326.93617863,12006828.469354529,22681155.405533157,2024-11-14
2024-11-14 14:15:03.231608,QQQ,508.5199890136719,6379640.335764345,8878863.644146347,15258503.979910692,2024-11-14
